pos.x,pos.y,pos.z
-0.008233842439949512,0.022012487053871155,0.9834293723106384
-0.00809106882661581,0.022300077602267265,0.9834701418876648
-0.008054055273532867,0.022271210327744484,0.9833498597145081
-0.00821246113628149,0.02233789674937725,0.9835876822471619
-0.008096573874354362,0.022206822410225868,0.983451783657074
-0.008288806304335594,0.02223212830722332,0.983029305934906
-0.008558697067201138,0.022269777953624725,0.9825530648231506
-0.008809993043541908,0.022154372185468674,0.9816557168960571
-0.009059793315827847,0.02216806821525097,0.9807168841362
-0.009194980375468731,0.02227134443819523,0.979680061340332
-0.009345673024654388,0.022472631186246872,0.9780049324035645
-0.009547529742121696,0.022889701649546623,0.9744940996170044
-0.009550483897328377,0.02332659438252449,0.970973551273346
-0.009370792657136917,0.02385968528687954,0.9653335809707642
-0.009190995246171951,0.02427971363067627,0.9585918188095093
-0.00886954553425312,0.024504775181412697,0.9497383832931519
-0.008695056661963463,0.02448318712413311,0.9417048692703247
-0.00882424134761095,0.02427208609879017,0.9337804913520813
-0.009094158187508583,0.023823516443371773,0.9234172105789185
-0.009595992974936962,0.02309453673660755,0.912909746170044
-0.010673177428543568,0.02160300873219967,0.8976725339889526
-0.011879709549248219,0.020069696009159088,0.884842038154602
-0.0136414198204875,0.017926940694451332,0.8670657873153687
-0.015090573579072952,0.016029542312026024,0.8521592617034912
-0.016963891685009003,0.01357812900096178,0.833564281463623
-0.018826119601726532,0.011104210279881954,0.8152021765708923
-0.02045867033302784,0.009020439349114895,0.7982392907142639
-0.022597432136535645,0.0058778030797839165,0.7743189334869385
-0.024328822270035744,0.0033215873409062624,0.7546010613441467
-0.026554135605692863,-0.0003189140115864575,0.7280398607254028
-0.028253883123397827,-0.0033531878143548965,0.7058314085006714
-0.030171353369951248,-0.006851314101368189,0.6801109313964844
-0.03196423500776291,-0.01025971956551075,0.6549475789070129
-0.03417794778943062,-0.01351858489215374,0.630273699760437
-0.036071620881557465,-0.01747707463800907,0.5987508296966553
-0.037414781749248505,-0.02042117714881897,0.5740535855293274
-0.03894134610891342,-0.02396082691848278,0.5449011325836182
-0.04018175229430199,-0.02711888961493969,0.5177209377288818
-0.041196558624506,-0.029840677976608276,0.4945026636123657
-0.04241441190242767,-0.033357154577970505,0.4636245369911194
-0.04324384406208992,-0.035989318042993546,0.44031137228012085
-0.044070594012737274,-0.039006974548101425,0.41380852460861206
-0.044737037271261215,-0.041643381118774414,0.39014190435409546
-0.04525935649871826,-0.04440060257911682,0.3656424880027771
-0.04560764506459236,-0.04687142372131348,0.34437358379364014
-0.04582351818680763,-0.04941841959953308,0.32286083698272705
-0.045807283371686935,-0.051575712859630585,0.3046491742134094
-0.045691829174757004,-0.05347651243209839,0.289531946182251
-0.04528786242008209,-0.05563819408416748,0.2727190852165222
-0.044835664331912994,-0.05719463899731636,0.2609967589378357
-0.044039223343133926,-0.05912678316235542,0.2471632957458496
-0.04327557608485222,-0.06036648899316788,0.23850935697555542
-0.042230892926454544,-0.06167783960700035,0.23001539707183838
-0.041028767824172974,-0.06274300068616867,0.22346991300582886
-0.03983157500624657,-0.0634864792227745,0.21903765201568604
-0.03794316574931145,-0.06416524201631546,0.2142292857170105
-0.036180708557367325,-0.06440591812133789,0.21125370264053345
-0.03375403583049774,-0.0643843561410904,0.20828008651733398
-0.031104357913136482,-0.06406731903553009,0.20557111501693726
-0.027843832969665527,-0.06316209584474564,0.20261168479919434
-0.024471845477819443,-0.06196919083595276,0.19961613416671753
-0.022868460044264793,-0.0612662211060524,0.19811207056045532
-0.01644062250852585,-0.05820149928331375,0.19195759296417236
-0.013246298767626286,-0.05667334422469139,0.18851035833358765
-0.01124920230358839,-0.05526097118854523,0.18660444021224976
-0.006484826095402241,-0.052680253982543945,0.18122774362564087
0.002122664824128151,-0.0477924607694149,0.17081010341644287
0.008047233335673809,-0.044148657470941544,0.16346925497055054
0.013437749817967415,-0.04070892184972763,0.1566062569618225
0.020994238555431366,-0.03571926802396774,0.14694076776504517
0.02704709954559803,-0.03157525882124901,0.1393113136291504
0.03425614908337593,-0.026457661762833595,0.13050484657287598
0.0411226786673069,-0.02161474898457527,0.12255191802978516
0.048712898045778275,-0.016047433018684387,0.11452609300613403
0.05580473691225052,-0.01093311607837677,0.10763072967529297
0.06192537024617195,-0.006400042213499546,0.10231888294219971
0.07027792185544968,-0.0002055687364190817,0.09603273868560791
0.07668136805295944,0.004702656529843807,0.09211885929107666
0.08492522686719894,0.011127093806862831,0.08803874254226685
0.09125594794750214,0.01603597216308117,0.08587610721588135
0.09860216081142426,0.021734612062573433,0.08412951231002808
0.10518698394298553,0.027186980471014977,0.08341962099075317
0.11232177168130875,0.03312569111585617,0.08322590589523315
0.11866912990808487,0.03857026994228363,0.08351647853851318
0.12402963638305664,0.043249063193798065,0.08416754007339478
0.1309240460395813,0.049536798149347305,0.08540713787078857
0.13610367476940155,0.05435911566019058,0.08635663986206055
0.13936474919319153,0.05763299763202667,0.08789342641830444
0.1441468894481659,0.062367670238018036,0.08874529600143433
0.15181942284107208,0.07045681774616241,0.08961904048919678
0.15598097443580627,0.07530934363603592,0.09035450220108032
0.15924908220767975,0.07930856943130493,0.09069448709487915
0.16039562225341797,0.08090344071388245,0.09100419282913208
0.1643804907798767,0.08631598949432373,0.0908239483833313
0.16749674081802368,0.0911627858877182,0.09033077955245972
0.16974234580993652,0.09522756934165955,0.08949965238571167
0.17128467559814453,0.0985628217458725,0.08836948871612549
0.17223148047924042,0.1011197492480278,0.0873900055885315
0.17293955385684967,0.10386934876441956,0.08599841594696045
0.17362448573112488,0.10740109533071518,0.08364027738571167
0.17373055219650269,0.11006474494934082,0.08150899410247803
0.17336222529411316,0.11226676404476166,0.07928049564361572
0.17220880091190338,0.11495128273963928,0.07622295618057251
0.1707051545381546,0.11712245643138885,0.07327181100845337
0.1687813103199005,0.11891695857048035,0.07008111476898193
0.16662971675395966,0.12011425197124481,0.06768685579299927
0.16331245005130768,0.12135855108499527,0.06429886817932129
0.1603289097547531,0.1219521164894104,0.061545491218566895
0.1560850292444229,0.12234768271446228,0.05830347537994385
0.15220549702644348,0.12232395261526108,0.05545717477798462
0.14744189381599426,0.12196173518896103,0.052350759506225586
0.14271533489227295,0.12117159366607666,0.049476802349090576
0.13803711533546448,0.12023936957120895,0.046709299087524414
0.1316475123167038,0.11879980564117432,0.04289281368255615
0.12640051543712616,0.11738581955432892,0.03973507881164551
0.11931057274341583,0.11516307294368744,0.03549754619598389
0.11330880224704742,0.11326251924037933,0.03185051679611206
0.10615117847919464,0.11073523014783859,0.027467191219329834
0.09921402484178543,0.10819520801305771,0.02317631244659424
0.09150365740060806,0.105317123234272,0.018414556980133057
0.08421680331230164,0.1024891808629036,0.013905584812164307
0.07784353941679001,0.0999475046992302,0.010093212127685547
0.06868491321802139,0.09630753099918365,0.0046128034591674805
0.0610475018620491,0.09328225255012512,9.47117805480957e-05
0.052723295986652374,0.08995269984006882,-0.004724979400634766
0.04488597437739372,0.08686204254627228,-0.009075164794921875
0.03810550272464752,0.08422552049160004,-0.012812614440917969
0.028838448226451874,0.08086927235126495,-0.017697811126708984
0.023291610181331635,0.07869928330183029,-0.020334720611572266
0.01550245936959982,0.07600087672472,-0.02396535873413086
0.010191845707595348,0.07402916252613068,-0.02642977237701416
0.0023031863383948803,0.07151949405670166,-0.029688358306884766
-0.0048691388219594955,0.06915170699357986,-0.03282821178436279
-0.01301901787519455,0.0668245404958725,-0.03605687618255615
-0.019629567861557007,0.06465596705675125,-0.0391390323638916
-0.02570321038365364,0.06301892548799515,-0.041593313217163086
-0.03361989185214043,0.0611787848174572,-0.04472935199737549
-0.03941311314702034,0.059808194637298584,-0.047162413597106934
-0.046230778098106384,0.058690425008535385,-0.04975759983062744
-0.052326835691928864,0.057196103036403656,-0.05267024040222168
-0.057798780500888824,0.0570400096476078,-0.054611921310424805
-0.06348703801631927,0.05651358887553215,-0.056957364082336426
-0.0678800493478775,0.05631187558174133,-0.05879628658294678
-0.07323567569255829,0.05623384937644005,-0.060900211334228516
-0.07707320153713226,0.05642719566822052,-0.06235313415527344
-0.08150452375411987,0.05693075433373451,-0.06385517120361328
-0.08460820466279984,0.05746494606137276,-0.06471610069274902
-0.08779335021972656,0.05833900719881058,-0.0655052661895752
-0.09043852239847183,0.05950243026018143,-0.06605851650238037
-0.09278278797864914,0.06092999875545502,-0.06642258167266846
-0.09471502155065536,0.06205952912569046,-0.06694912910461426
-0.09588585048913956,0.06355413794517517,-0.06695187091827393
-0.09685616195201874,0.06557625532150269,-0.06694424152374268
-0.0973445251584053,0.0674479678273201,-0.06691837310791016
-0.0973193496465683,0.06968924403190613,-0.06710100173950195
-0.09694108366966248,0.07176663726568222,-0.06727981567382812
-0.09615733474493027,0.0736180767416954,-0.06764376163482666
-0.09469521790742874,0.07625789940357208,-0.06838428974151611
-0.09321995824575424,0.0783320814371109,-0.06899380683898926
-0.09075738489627838,0.08111698925495148,-0.06995034217834473
-0.0891231819987297,0.0827089250087738,-0.07016777992248535
-0.08615576475858688,0.08496610820293427,-0.07100057601928711
-0.08364275097846985,0.08706000447273254,-0.07125592231750488
-0.0808456689119339,0.08890409022569656,-0.07139825820922852
-0.07666465640068054,0.09139244258403778,-0.0713425874710083
-0.07303593307733536,0.09320935606956482,-0.07096242904663086
-0.06809897720813751,0.09538290649652481,-0.0700005292892456
-0.06384880840778351,0.0969238206744194,-0.06895136833190918
-0.05893675982952118,0.0985320433974266,-0.06705343723297119
-0.0541316382586956,0.09989460557699203,-0.06492733955383301
-0.04867001995444298,0.1011412963271141,-0.062177181243896484
-0.043373581022024155,0.10199301689863205,-0.05947673320770264
-0.038749467581510544,0.10249562561511993,-0.05688190460205078
-0.03229232877492905,0.10295632481575012,-0.05330502986907959
-0.027335701510310173,0.10304509848356247,-0.0503842830657959
-0.020744385197758675,0.1027674525976181,-0.046848177909851074
-0.015637144446372986,0.10239098966121674,-0.044110655784606934
-0.009583855047821999,0.10146534442901611,-0.041098952293395996
-0.004022081382572651,0.10032958537340164,-0.03852534294128418
0.0020698516163975,0.09870975464582443,-0.03615295886993408
0.00810668058693409,0.09661636501550674,-0.03430056571960449
0.012998441234230995,0.09486707299947739,-0.03262138366699219
0.01862015202641487,0.09242086857557297,-0.03095078468322754
0.023995351046323776,0.08977461606264114,-0.02980804443359375
0.02971160225570202,0.08665270358324051,-0.028853416442871094
0.03494729846715927,0.08349250257015228,-0.02807319164276123
0.03912879526615143,0.08052730560302734,-0.027662277221679688
0.044634342193603516,0.07643690705299377,-0.027260661125183105
0.048845015466213226,0.07320859283208847,-0.027202844619750977
0.054094359278678894,0.06860706210136414,-0.02702510356903076
0.058084942400455475,0.06493956595659256,-0.027094125747680664
0.061059966683387756,0.06181924045085907,-0.026944518089294434
0.06423144042491913,0.05865950137376785,-0.026860356330871582
0.06800258159637451,0.05426154285669327,-0.02681875228881836
0.07148753851652145,0.04993344470858574,-0.02670454978942871
0.07438939064741135,0.04623861610889435,-0.026516199111938477
0.07815662771463394,0.04111733287572861,-0.026337504386901855
0.08079201728105545,0.03724336996674538,-0.025948762893676758
0.0838681235909462,0.03213813528418541,-0.025245308876037598
0.08602844178676605,0.02821659855544567,-0.02472829818725586
0.08831202983856201,0.02376021258533001,-0.02390611171722412
0.0901617482304573,0.019626768305897713,-0.02311229705810547
0.09161598980426788,0.015992531552910805,-0.022370338439941406
0.09312018752098083,0.011413740925490856,-0.021277427673339844
0.09404528886079788,0.007899276912212372,-0.020331144332885742
0.09499514847993851,0.0036787346471101046,-0.019222021102905273
0.09525726735591888,0.0003593070723582059,-0.018024325370788574
0.09535708278417587,-0.00324847549200058,-0.016773581504821777
0.09532424062490463,-0.006210687570273876,-0.015820741653442383
0.09518402069807053,-0.009393980726599693,-0.014801859855651855
0.09417001157999039,-0.012609222903847694,-0.013393640518188477
0.09340071678161621,-0.014818189665675163,-0.012664079666137695
0.0917675644159317,-0.01745634712278843,-0.011354804039001465
0.09019187837839127,-0.019611326977610588,-0.010435938835144043
0.08795177936553955,-0.021405374631285667,-0.009395360946655273
0.08583223819732666,-0.02314285933971405,-0.008510589599609375
0.08322715014219284,-0.02421165257692337,-0.007456183433532715
0.08011230081319809,-0.02508675307035446,-0.0065048933029174805
0.0772428810596466,-0.02605624869465828,-0.005561351776123047
0.07357503473758698,-0.026672888547182083,-0.004634976387023926
0.06982256472110748,-0.027245258912444115,-0.0036450624465942383
0.06554701179265976,-0.02776370383799076,-0.0025681257247924805
0.061495713889598846,-0.027920618653297424,-0.0018600225448608398
0.052596185356378555,-0.027589529752731323,-0.00045180320739746094
0.048218581825494766,-0.027202237397432327,0.00010985136032104492
0.042847272008657455,-0.026650292798876762,0.0007085800170898438
0.03830137476325035,-0.026005692780017853,0.00111311674118042
0.03415756672620773,-0.025373302400112152,0.0013484954833984375
0.028256259858608246,-0.024420687928795815,0.0015535354614257812
0.023744016885757446,-0.023577388375997543,0.0014694929122924805
0.017605282366275787,-0.022289743646979332,0.001018524169921875
0.012848312966525555,-0.021202964708209038,0.0003142356872558594
0.0066338470205664635,-0.019701557233929634,-0.0009262561798095703
0.0031553267035633326,-0.01893313229084015,-0.0016736984252929688
-0.002062039216980338,-0.01765495538711548,-0.003336787223815918
-0.006678127218037844,-0.016354506835341454,-0.005057692527770996
-0.012305432930588722,-0.014861444011330605,-0.007469773292541504
-0.017498301342129707,-0.013377118855714798,-0.009947061538696289
-0.023178614675998688,-0.01183032151311636,-0.012742757797241211
-0.028382502496242523,-0.010314171202480793,-0.015714287757873535
-0.03298404812812805,-0.009079184383153915,-0.018039703369140625
-0.03818250820040703,-0.007715864107012749,-0.020836830139160156
-0.04295504093170166,-0.006427600048482418,-0.02317988872528076
-0.04806322231888771,-0.005040052346885204,-0.025596022605895996
-0.05254633352160454,-0.0038799047470092773,-0.0276486873626709
-0.05635037645697594,-0.0029340784531086683,-0.029172301292419434
-0.06115328520536423,-0.0016520277131348848,-0.03104102611541748
-0.06466004252433777,-0.0007186490693129599,-0.032268643379211426
-0.06896631419658661,0.0006027884664945304,-0.03380322456359863
-0.07223619520664215,0.0013359305448830128,-0.03465580940246582
-0.07586762309074402,0.0022385872434824705,-0.035623788833618164
-0.07902257889509201,0.0030807459261268377,-0.036603331565856934
-0.08212756365537643,0.003942894749343395,-0.03773915767669678
-0.0847766175866127,0.004638663958758116,-0.038950562477111816
-0.0868876501917839,0.005193238612264395,-0.0400468111038208
-0.08865950256586075,0.0057016159407794476,-0.041411399841308594
-0.09064542502164841,0.006356057245284319,-0.04339909553527832
-0.09245052933692932,0.00697206798940897,-0.045774102210998535
-0.09365256875753403,0.007428842596709728,-0.0480954647064209
-0.09477253258228302,0.00783458724617958,-0.05070793628692627
-0.09549988061189651,0.008201206102967262,-0.05316519737243652
-0.09597641974687576,0.00834471546113491,-0.05444657802581787
-0.09626138210296631,0.008890382014214993,-0.05832040309906006
-0.0963524878025055,0.009370457381010056,-0.05921792984008789
-0.09625429660081863,0.009850425645709038,-0.0609663724899292
-0.09580706804990768,0.010048426687717438,-0.06194508075714111
-0.09508512169122696,0.010172637179493904,-0.06237137317657471
-0.09442224353551865,0.009732089936733246,-0.061864614486694336
-0.09382138401269913,0.010167199186980724,-0.061464548110961914
-0.09235972911119461,0.009852489456534386,-0.06006026268005371
-0.09006522595882416,0.01014215312898159,-0.05747866630554199
-0.08906543254852295,0.009975624270737171,-0.05630350112915039
-0.0872286856174469,0.009851012378931046,-0.05415987968444824
-0.08497244119644165,0.009715845808386803,-0.051576852798461914
-0.08251067996025085,0.009607446379959583,-0.04906606674194336
-0.08021081238985062,0.009621763601899147,-0.04715001583099365
-0.07686946541070938,0.009425479918718338,-0.04464268684387207
-0.07404156029224396,0.009299695491790771,-0.042946577072143555
-0.07011190801858902,0.008916709572076797,-0.041109442710876465
-0.0669703334569931,0.008701113052666187,-0.040027737617492676
-0.06265047192573547,0.008545045740902424,-0.03907299041748047
-0.05915002524852753,0.008277363143861294,-0.038669586181640625
-0.0550469346344471,0.008136240765452385,-0.03856539726257324
-0.050983723253011703,0.007940090261399746,-0.03860485553741455
-0.04714662954211235,0.007890678942203522,-0.03861677646636963
-0.042297448962926865,0.007788972929120064,-0.03887605667114258
-0.03823811560869217,0.007616627961397171,-0.03893089294433594
-0.03300406411290169,0.007331260479986668,-0.038855910301208496
-0.028923990204930305,0.007148796692490578,-0.03867053985595703
-0.023605268448591232,0.007018996402621269,-0.037979841232299805
-0.016635766252875328,0.0069855633191764355,-0.03686559200286865
-0.014819290488958359,0.0073540061712265015,-0.03648114204406738
-0.0093330517411232,0.007492900360375643,-0.03498339653015137
-0.005507304333150387,0.007407211232930422,-0.03333640098571777
-0.0004503624513745308,0.0075562926940619946,-0.031116366386413574
0.0024044939782470465,0.007325075101107359,-0.029705286026000977
0.005939028691500425,0.0068294331431388855,-0.02765190601348877
0.009628013707697392,0.006702760234475136,-0.025616884231567383
0.013163626194000244,0.006419197656214237,-0.02358853816986084
0.017940988764166832,0.0066177560947835445,-0.021375417709350586
0.02122124284505844,0.006194060202687979,-0.019483208656311035
0.02537810243666172,0.005728813819587231,-0.0171431303024292
0.02862953022122383,0.005546875763684511,-0.015668272972106934
0.032137274742126465,0.004970357287675142,-0.013949751853942871
0.034717459231615067,0.005045410245656967,-0.012923240661621094
0.037852849811315536,0.004110966343432665,-0.011625528335571289
0.040272604674100876,0.0036894632503390312,-0.010915279388427734
0.04264377802610397,0.003289002226665616,-0.010378479957580566
0.044616956263780594,0.0027118700090795755,-0.010001063346862793
0.046642739325761795,0.001804908737540245,-0.009568929672241211
0.04821915552020073,0.0010293896775692701,-0.009406328201293945
0.04967533424496651,0.00014675255806650966,-0.009267926216125488
0.050739165395498276,-0.0007210162584669888,-0.009232759475708008
0.05149397253990173,-0.0013795280829071999,-0.00944066047668457
0.05220833048224449,-0.0025315959937870502,-0.00896763801574707
0.05307314917445183,-0.003271845867857337,-0.00889134407043457
0.05300802364945412,-0.004162543453276157,-0.008395552635192871
0.053281519562006,-0.005620586685836315,-0.007506608963012695
0.053152963519096375,-0.006717847194522619,-0.007059931755065918
0.05276188254356384,-0.008351507596671581,-0.0055844783782958984
0.05239119380712509,-0.009707934223115444,-0.004408717155456543
0.05164242908358574,-0.011456108652055264,-0.0029371976852416992
0.05094515159726143,-0.012703299522399902,-0.0019611120223999023
0.04989337548613548,-0.014388062059879303,-0.0004940032958984375
0.04892618581652641,-0.016001267358660698,0.0007010102272033691
0.04756949841976166,-0.017894284799695015,0.0019055008888244629
0.04611354321241379,-0.01970851980149746,0.003140866756439209
0.044783223420381546,-0.021391110494732857,0.004175126552581787
0.042770858854055405,-0.023702561855316162,0.005100548267364502
0.04098513349890709,-0.02550387568771839,0.006028175354003906
0.03869903087615967,-0.027839699760079384,0.006546378135681152
0.036692578345537186,-0.029816607013344765,0.006707966327667236
0.0342213474214077,-0.03211004659533501,0.006398141384124756
0.03183342516422272,-0.034271858632564545,0.005868077278137207
0.028931831941008568,-0.0366133488714695,0.00545954704284668
0.02618410810828209,-0.03873977065086365,0.00472790002822876
0.02322891727089882,-0.0411875881254673,0.003710806369781494
0.02041460946202278,-0.04337849095463753,0.0024151206016540527
0.01781599409878254,-0.04529711604118347,0.0015229582786560059
0.014339050278067589,-0.047411128878593445,-2.2172927856445312e-05
0.011267952620983124,-0.04947260022163391,-0.0013072490692138672
0.007865171879529953,-0.051768481731414795,-0.0025099515914916992
0.004707740619778633,-0.05382231995463371,-0.0036575794219970703
0.001984420232474804,-0.055564191192388535,-0.0043479204177856445
-0.0017271197866648436,-0.05770685151219368,-0.005261421203613281
-0.004755563568323851,-0.05948760733008385,-0.005847334861755371
-0.008368965238332748,-0.06163303181529045,-0.0063211917877197266
-0.011187898926436901,-0.06323256343603134,-0.0065697431564331055
-0.01453909371048212,-0.06485611200332642,-0.006760597229003906
-0.01755066029727459,-0.06671270728111267,-0.006784558296203613
-0.020997874438762665,-0.06832946091890335,-0.006923556327819824
-0.02379484847187996,-0.06991007924079895,-0.006823062896728516
-0.025346120819449425,-0.07096083462238312,-0.0067789554595947266
-0.028428878635168076,-0.0724792331457138,-0.006890535354614258
-0.030427847057580948,-0.07352367788553238,-0.007121682167053223
-0.033397551625967026,-0.07498010993003845,-0.007758378982543945
-0.0356442928314209,-0.07590825855731964,-0.008528590202331543
-0.038172222673892975,-0.07707399129867554,-0.009619593620300293
-0.04044199362397194,-0.0779787078499794,-0.010859847068786621
-0.04266909509897232,-0.07894734293222427,-0.0124586820602417
-0.044659409672021866,-0.0797535628080368,-0.014130949974060059
-0.04661722108721733,-0.08045632392168045,-0.016003131866455078
-0.04846244677901268,-0.08075408637523651,-0.018079280853271484
-0.04980870336294174,-0.08125896751880646,-0.01960921287536621
-0.051218483597040176,-0.08162787556648254,-0.02127528190612793
-0.052288543432950974,-0.08190295845270157,-0.02240276336669922
-0.05306381732225418,-0.0819595605134964,-0.023144841194152832
-0.05394400656223297,-0.08200015127658844,-0.023656606674194336
-0.05444610118865967,-0.08197066187858582,-0.023508071899414062
-0.054839685559272766,-0.0818016454577446,-0.022847652435302734
-0.05495801940560341,-0.08150002360343933,-0.02185356616973877
-0.05484157055616379,-0.08099117875099182,-0.020202994346618652
-0.05451478064060211,-0.08049342036247253,-0.018647193908691406
-0.05374792963266373,-0.07965320348739624,-0.016394495964050293
-0.05296630412340164,-0.07904994487762451,-0.014778733253479004
-0.051696330308914185,-0.0779837816953659,-0.012796878814697266
-0.05029788613319397,-0.07691755145788193,-0.011261701583862305
-0.04848688095808029,-0.0755838006734848,-0.009996175765991211
-0.04671386629343033,-0.07435134798288345,-0.009299397468566895
-0.04494348540902138,-0.07309320569038391,-0.00923621654510498
-0.04237208142876625,-0.07122096419334412,-0.009673237800598145
-0.04082820937037468,-0.07020381838083267,-0.010140299797058105
-0.03840160742402077,-0.06845030933618546,-0.011359572410583496
-0.03599227964878082,-0.06642099469900131,-0.01314997673034668
-0.03373632952570915,-0.06474574655294418,-0.014565706253051758
-0.030475204810500145,-0.06231481209397316,-0.016349315643310547
-0.027893131598830223,-0.060353681445121765,-0.01750349998474121
-0.024428023025393486,-0.057590946555137634,-0.018178939819335938
-0.021676080301404,-0.05551748722791672,-0.017976880073547363
-0.018092934042215347,-0.05256238579750061,-0.016646742820739746
-0.015309697017073631,-0.05018000304698944,-0.014694571495056152
-0.012085246853530407,-0.04739492014050484,-0.011570096015930176
-0.009113364852964878,-0.04464292526245117,-0.008040189743041992
-0.0059664128348231316,-0.041549697518348694,-0.0035854578018188477
-0.003146190196275711,-0.038714971393346786,0.0008726119995117188
-0.00035156786907464266,-0.03599222004413605,0.005634486675262451
0.0023311530239880085,-0.03291216120123863,0.009654223918914795
0.004518700763583183,-0.03047044761478901,0.012791633605957031
0.007308074738830328,-0.027188677340745926,0.016223371028900146
0.009345111437141895,-0.02451784908771515,0.018051624298095703
0.011790940538048744,-0.02103715017437935,0.01943790912628174
0.013470705598592758,-0.018288258463144302,0.019584357738494873
0.015238521620631218,-0.015161750838160515,0.018769681453704834
0.016546577215194702,-0.012428094632923603,0.017232239246368408
0.017654864117503166,-0.009975564666092396,0.01520448923110962
0.018444666638970375,-0.008209187537431717,0.013548195362091064
0.0195938628166914,-0.005507468245923519,0.010736703872680664
0.02076144516468048,-0.002917312551289797,0.007886707782745361
0.021828465163707733,-0.00038130441680550575,0.005360543727874756
0.02281702309846878,0.0020362327340990305,0.0036094188690185547
0.02369573339819908,0.00420669699087739,0.002475738525390625
0.024579647928476334,0.006697994656860828,0.0022025704383850098
0.025338444858789444,0.008896246552467346,0.0029110312461853027
0.02596939541399479,0.010929003357887268,0.004302322864532471
0.026852425187826157,0.01344912126660347,0.006973743438720703
0.027391888201236725,0.014161092229187489,0.00897836685180664
0.028255324810743332,0.01617393270134926,0.012394368648529053
0.028982196003198624,0.017898743972182274,0.015250027179718018
0.029852446168661118,0.019621467217803,0.018576443195343018
0.03067190758883953,0.021303413435816765,0.02137356996536255
0.031510692089796066,0.022931339219212532,0.023780345916748047
0.03230077400803566,0.024256305769085884,0.02545905113220215
0.03298167884349823,0.02561614103615284,0.026234745979309082
0.03361637517809868,0.026610830798745155,0.02619338035583496
0.03411361575126648,0.02736065536737442,0.02543008327484131
0.03481869027018547,0.028313493356108665,0.02341747283935547
0.03527271747589111,0.02886059693992138,0.02122563123703003
0.03582991287112236,0.02945583127439022,0.01777637004852295
0.03607340157032013,0.02969261258840561,0.014453232288360596
0.0365908183157444,0.02958751656115055,0.012033820152282715
0.037358902394771576,0.029498932883143425,0.009059429168701172
0.03785305842757225,0.029516128823161125,0.007272064685821533
0.03872177377343178,0.029215794056653976,0.006265819072723389
0.03929095342755318,0.029122130945324898,0.0063391923904418945
0.03989209234714508,0.02906479500234127,0.007490992546081543
0.04056485369801521,0.0287338774651289,0.00976485013961792
0.04126007482409477,0.028328368440270424,0.013200700283050537
0.041901588439941406,0.02809883840382099,0.016653001308441162
0.0425635389983654,0.0276655126363039,0.02087092399597168
0.043213341385126114,0.027394143864512444,0.023779094219207764
0.04392794147133827,0.026864860206842422,0.028044164180755615
0.044640980660915375,0.026558907702565193,0.03038102388381958
0.045400045812129974,0.026034317910671234,0.03300774097442627
0.04607761278748512,0.02553347311913967,0.03488421440124512
0.04630209505558014,0.024947628378868103,0.03567326068878174
0.047269441187381744,0.024268684908747673,0.03636115789413452
0.047654133290052414,0.02368469163775444,0.03589069843292236
0.04784394055604935,0.022705653682351112,0.03385591506958008
0.0482017919421196,0.021946115419268608,0.03205019235610962
0.04852510243654251,0.021202322095632553,0.029869139194488525
0.04901428148150444,0.02012762986123562,0.026689112186431885
0.049504537135362625,0.019243748858571053,0.024043500423431396
0.05002610385417938,0.017996283248066902,0.020990073680877686
0.05036894977092743,0.01701769232749939,0.019191980361938477
0.050893936306238174,0.015892555937170982,0.01758599281311035
0.0512322336435318,0.014910557307302952,0.01660466194152832
0.051417503505945206,0.013888209126889706,0.017103970050811768
0.05162384733557701,0.013086263090372086,0.018068313598632812
0.05181165412068367,0.01221410557627678,0.01955634355545044
0.052038006484508514,0.011230848729610443,0.021991610527038574
0.05244506150484085,0.010624025948345661,0.024134039878845215
0.05259178206324577,0.009474438615143299,0.027633368968963623
0.05275637283921242,0.008655570447444916,0.030082643032073975
0.053084034472703934,0.007645466830581427,0.0329473614692688
0.05317263305187225,0.006794773507863283,0.03512018918991089
0.053710468113422394,0.006521483883261681,0.036531269550323486
0.053554415702819824,0.0054054600186645985,0.03801405429840088
0.053684815764427185,0.00469743087887764,0.03850835561752319
0.053757425397634506,0.0041184816509485245,0.0383303165435791
0.05372891202569008,0.0035823036450892687,0.03744316101074219
0.053932074457407,0.0035591188352555037,0.03719907999038696
0.0542549230158329,0.0032648483756929636,0.03584456443786621
0.05411795526742935,0.002996287774294615,0.034115374088287354
0.05397753790020943,0.002704234328120947,0.03195828199386597
0.053822170943021774,0.0023840132635086775,0.02946239709854126
0.05376357212662697,0.002019869163632393,0.027234315872192383
0.053744085133075714,0.001791632967069745,0.025034785270690918
0.05355115979909897,0.0016567580169066787,0.023503541946411133
0.053537216037511826,0.0016365109477192163,0.022580981254577637
0.053296372294425964,0.001593722146935761,0.022101640701293945
0.05309987813234329,0.0015531702665612102,0.022273242473602295
0.05289417877793312,0.0017074411734938622,0.022999286651611328
0.05279476195573807,0.001849982887506485,0.024014532566070557
0.052742816507816315,0.0021107362117618322,0.02566283941268921
0.05278431624174118,0.002239912049844861,0.027138173580169678
0.05241603031754494,0.002457233378663659,0.02809274196624756
0.05306437984108925,0.003016732633113861,0.030223965644836426
0.05291586369276047,0.003647865727543831,0.031628310680389404
0.053462035953998566,0.004045726731419563,0.03250819444656372
0.05353182926774025,0.004831814672797918,0.03288722038269043
0.053835391998291016,0.005349528975784779,0.03296095132827759
0.054353661835193634,0.006085000932216644,0.03289318084716797
0.05494718626141548,0.007138960063457489,0.03213149309158325
0.055569399148225784,0.008210936561226845,0.0313989520072937
0.056244686245918274,0.009297961369156837,0.03036189079284668
0.057197343558073044,0.010621057823300362,0.028882145881652832
0.05802508816123009,0.01170126162469387,0.02789241075515747
0.059106722474098206,0.013417087495326996,0.026291310787200928
0.06018780544400215,0.01475504133850336,0.025120437145233154
0.061158038675785065,0.016286121681332588,0.024824082851409912
0.062107622623443604,0.017468443140387535,0.02478945255279541
0.06319759041070938,0.018877802416682243,0.02487391233444214
0.06434138119220734,0.020344823598861694,0.025157153606414795
0.06556262075901031,0.022135678678750992,0.025663912296295166
0.06674689799547195,0.023676449432969093,0.02633345127105713
0.0679931789636612,0.0250582005828619,0.02700740098953247
0.06928498297929764,0.026847969740629196,0.028209269046783447
0.0704604908823967,0.028385046869516373,0.029113948345184326
0.07183807343244553,0.030123399570584297,0.02998560667037964
0.07314164191484451,0.031634390354156494,0.030777931213378906
0.074579618871212,0.033348388969898224,0.031431496143341064
0.07610718905925751,0.03482905030250549,0.03160911798477173
0.07757973670959473,0.0364641509950161,0.03160935640335083
0.07886601984500885,0.03792666271328926,0.031619250774383545
0.0804196298122406,0.03946293890476227,0.031198203563690186
0.08149442821741104,0.04091793671250343,0.03026902675628662
0.08280714601278305,0.04219711944460869,0.029267191886901855
0.08419812470674515,0.04358479380607605,0.028205692768096924
0.08549273014068604,0.044800907373428345,0.02713531255722046
0.08667143434286118,0.04578361287713051,0.026211082935333252
0.08807721734046936,0.047094374895095825,0.025213897228240967
0.08918020874261856,0.04797286167740822,0.024540424346923828
0.09043049067258835,0.049061331897974014,0.023934900760650635
0.09140372276306152,0.049902282655239105,0.023521363735198975
0.09248915314674377,0.050739046186208725,0.023251116275787354
0.09341911971569061,0.05128280445933342,0.0234338641166687
0.09436109662055969,0.05183066800236702,0.023613393306732178
0.095197394490242,0.052158061414957047,0.023931503295898438
0.09603282809257507,0.05221131071448326,0.024385273456573486
0.09679634869098663,0.05237506702542305,0.02465224266052246
0.0973510667681694,0.05238235369324684,0.025005817413330078
0.09779996424913406,0.052414365112781525,0.02513563632965088
0.09834887832403183,0.05210829898715019,0.025639057159423828
0.09876858443021774,0.05179751664400101,0.025804996490478516
0.09897352010011673,0.05125444009900093,0.025895297527313232
0.09913890808820724,0.05077025294303894,0.025696933269500732
0.09929301589727402,0.050097912549972534,0.025243639945983887
0.09920776635408401,0.049192655831575394,0.02485126256942749
0.09878293424844742,0.048390693962574005,0.02397388219833374
0.0986320823431015,0.047423187643289566,0.023497700691223145
0.09838133305311203,0.04630720615386963,0.02279078960418701
0.09830909967422485,0.04519082233309746,0.022004127502441406
0.09786687046289444,0.043793871998786926,0.021291613578796387
0.09738902747631073,0.0424385741353035,0.020535409450531006
0.09697964042425156,0.04129301756620407,0.019810140132904053
0.09628573060035706,0.03954846039414406,0.018863379955291748
0.09566764533519745,0.038109369575977325,0.018450558185577393
0.09503732621669769,0.036424849182367325,0.017681896686553955
0.09412648528814316,0.03470765799283981,0.01747429370880127
0.09324551373720169,0.03289412707090378,0.017039358615875244
0.09223569184541702,0.03106106072664261,0.0171239972114563
0.0911501944065094,0.029084479436278343,0.01716291904449463
0.0901598408818245,0.02726505696773529,0.01732081174850464
0.08904664218425751,0.025492621585726738,0.017824828624725342
0.08780524879693985,0.023374632000923157,0.018294930458068848
0.08660038560628891,0.02152617648243904,0.018731415271759033
0.0850534439086914,0.019372325390577316,0.019154787063598633
0.08485238254070282,0.01840519718825817,0.01951819658279419
0.08361058682203293,0.016607841476798058,0.019717276096343994
0.082372285425663,0.014749864116311073,0.01972585916519165
0.08085668087005615,0.012793146073818207,0.01977306604385376
0.07941420376300812,0.01099311001598835,0.019702672958374023
0.07761578261852264,0.009415977634489536,0.019290506839752197
0.076541468501091,0.007580808829516172,0.018970191478729248
0.07530233263969421,0.006165862549096346,0.01848667860031128
0.07308732718229294,0.004316010046750307,0.017594635486602783
0.07168075442314148,0.0029528627637773752,0.016716182231903076
0.07014290988445282,0.001489815185777843,0.015835702419281006
0.06864141672849655,0.00016538577619940042,0.014802336692810059
0.06719274073839188,-0.00046936937724240124,0.013870954513549805
0.06564769893884659,-0.0021721289958804846,0.013028085231781006
0.06442008167505264,-0.0032740614842623472,0.012467801570892334
0.06317538768053055,-0.004142584279179573,0.01193082332611084
0.06161852926015854,-0.0052823470905423164,0.011475622653961182
0.060089629143476486,-0.006282232701778412,0.0114213228225708
0.05881435424089432,-0.0070882984437048435,0.011368751525878906
0.05728146806359291,-0.007994663901627064,0.01189953088760376
0.05597352981567383,-0.008631781674921513,0.012292444705963135
0.05493011698126793,-0.009135103784501553,0.012868046760559082
0.05363251641392708,-0.00969934556633234,0.013405680656433105
0.05280628800392151,-0.01002410426735878,0.013911724090576172
0.05143648758530617,-0.010491031222045422,0.014522016048431396
0.05064358562231064,-0.010748946107923985,0.014852285385131836
0.04987143352627754,-0.010822719894349575,0.014907419681549072
0.0491294264793396,-0.010884464718401432,0.014767765998840332
0.049051202833652496,-0.01086733490228653,0.014488041400909424
0.04879143834114075,-0.010829401202499866,0.014297544956207275
0.048372574150562286,-0.010716427117586136,0.01375192403793335
0.047925036400556564,-0.010376383550465107,0.012919962406158447
0.047595713287591934,-0.010068506002426147,0.01209181547164917
0.046603284776210785,-0.009396001696586609,0.01076430082321167
0.04653937742114067,-0.009018706157803535,0.010401129722595215
0.04635487124323845,-0.008605537004768848,0.010142087936401367
0.04615458846092224,-0.00807021651417017,0.009995222091674805
0.046076834201812744,-0.0074636018835008144,0.009982585906982422
0.04596933349967003,-0.006637439597398043,0.01010042428970337
0.04594552516937256,-0.006099744234234095,0.010345041751861572
0.046037036925554276,-0.005310607608407736,0.010613799095153809
0.0460919626057148,-0.004571466241031885,0.01060628890991211
0.046348243951797485,-0.0039423992857337,0.010845601558685303
0.046638328582048416,-0.0032711857929825783,0.010634839534759521
0.046739183366298676,-0.00274420203641057,-0.4894111156463623
0.04701722785830498,-0.0019565143156796694,-0.4898418188095093
0.04726066067814827,-0.0013933599693700671,-0.4902955889701843
0.047572266310453415,-0.0006496960413642228,-0.49051523208618164
0.04777561500668526,-0.00013050861889496446,-0.4900508522987366
0.04811103269457817,0.0004721708537545055,-0.4882776737213135
0.04847143217921257,0.0009717147913761437,-0.48526495695114136
0.04894612729549408,0.0012967244256287813,-0.48123860359191895
0.04926013946533203,0.001913327956572175,-0.47405123710632324
0.04944224655628204,0.002325373236089945,-0.4664938449859619
0.049818821251392365,0.0028249514289200306,-0.45451343059539795
0.05000641942024231,0.0031133496668189764,-0.4429152011871338
0.05021263286471367,0.003577499883249402,-0.4268958568572998
0.05038190633058548,0.003950678743422031,-0.41503143310546875
0.050536829978227615,0.0041117253713309765,-0.4023090600967407
0.05059412866830826,0.004245090764015913,-0.38665246963500977
0.05053234100341797,0.00436739157885313,-0.37211912870407104
0.05051468685269356,0.004628557246178389,-0.3525506854057312
0.05012660101056099,0.004764004144817591,-0.33694857358932495
0.050158701837062836,0.0047902315855026245,-0.31918656826019287
0.05041947960853577,0.0045084357261657715,-0.30357927083969116
0.050905171781778336,0.004076437558978796,-0.2907860279083252
0.051907505840063095,0.0036196166183799505,-0.2745366096496582
0.05307185277342796,0.0033476524986326694,-0.26277267932891846
0.055069200694561005,0.0026771638076752424,-0.24853426218032837
0.056841254234313965,0.0022332072257995605,-0.23859280347824097
0.059257857501506805,0.0019080506172031164,-0.2278766632080078
0.06157979369163513,0.001361868460662663,-0.2187989354133606
0.0642058476805687,0.0005586408078670502,-0.2104753851890564
0.06644316017627716,-0.00015256053302437067,-0.20329999923706055
0.06833136826753616,-0.0007208256283774972,-0.19806241989135742
0.07070644199848175,-0.0018130765529349446,-0.1919599175453186
0.0724988579750061,-0.0028979124035686255,-0.18781650066375732
0.07450013607740402,-0.004145289771258831,-0.18284916877746582
0.07596338540315628,-0.0053332955576479435,-0.17939209938049316
0.07746572047472,-0.006754587404429913,-0.17554885149002075
0.07837143540382385,-0.008213316090404987,-0.17204362154006958
0.07951812446117401,-0.009983163326978683,-0.1678815484046936
0.0804649367928505,-0.011894099414348602,-0.16362982988357544
0.08109034597873688,-0.013480001129209995,-0.15989524126052856
0.08134720474481583,-0.01584116742014885,-0.15460270643234253
0.08132387697696686,-0.01747862808406353,-0.15013277530670166
0.08151590824127197,-0.019378023222088814,-0.14575427770614624
0.08092638105154037,-0.021175576373934746,-0.14174699783325195
0.08049523085355759,-0.023434119299054146,-0.1357959508895874
0.07963099330663681,-0.02550913766026497,-0.13045251369476318
0.07869581878185272,-0.02762865647673607,-0.12535196542739868
0.07640145719051361,-0.03271036222577095,-0.11414194107055664
0.074847012758255,-0.03539232164621353,-0.10867971181869507
0.07305070757865906,-0.03782040625810623,-0.1039426326751709
0.07140225172042847,-0.039967864751815796,-0.10010325908660889
0.06909503787755966,-0.04294002056121826,-0.09540444612503052
0.06721458584070206,-0.045355215668678284,-0.09217411279678345
0.06438066810369492,-0.048183001577854156,-0.08871781826019287
0.06233692169189453,-0.050506383180618286,-0.08624184131622314
0.05947497487068176,-0.05348946899175644,-0.08387547731399536
0.0570012703537941,-0.055638670921325684,-0.08261388540267944
0.054113492369651794,-0.058580562472343445,-0.0810849666595459
0.05126330256462097,-0.06062515825033188,-0.08031517267227173
0.050102390348911285,-0.062299638986587524,-0.07955324649810791
0.04758678004145622,-0.06449686735868454,-0.0791933536529541
0.045132435858249664,-0.0664547011256218,-0.0786597728729248
0.041496749967336655,-0.06923533231019974,-0.07779794931411743
0.03849666193127632,-0.07180913537740707,-0.07644551992416382
0.03593464195728302,-0.07384912669658661,-0.07504969835281372
0.0330100916326046,-0.07615192234516144,-0.07334363460540771
0.03138432279229164,-0.07769020646810532,-0.07170063257217407
0.027890291064977646,-0.08043591678142548,-0.06894040107727051
0.025411000475287437,-0.08217228204011917,-0.06653332710266113
0.023663189262151718,-0.0836692824959755,-0.06449240446090698
0.02198297716677189,-0.08521593362092972,-0.062091052532196045
0.019641827791929245,-0.08697245270013809,-0.05934411287307739
0.017499776557087898,-0.0886506736278534,-0.05677586793899536
0.015195498242974281,-0.0899956077337265,-0.05474811792373657
0.012735793367028236,-0.09174542129039764,-0.05240148305892944
0.010999679565429688,-0.09295172244310379,-0.05053830146789551
0.009307777509093285,-0.09449814260005951,-0.04845011234283447
0.00778018357232213,-0.09559747576713562,-0.04713159799575806
0.006099696736782789,-0.09651969373226166,-0.04613816738128662
0.004645506851375103,-0.09729597717523575,-0.045242130756378174
0.003237802302464843,-0.09796378761529922,-0.04454249143600464
0.0019528178963810205,-0.09852227568626404,-0.04403644800186157
0.0008402481907978654,-0.09880465269088745,-0.04329878091812134
-0.0002065931330434978,-0.09889623522758484,-0.04288607835769653
-0.0006795001099817455,-0.09899117797613144,-0.04225564002990723
-0.001178380218334496,-0.09889660775661469,-0.0416797399520874
-0.0022063162177801132,-0.0985855981707573,-0.04119086265563965
-0.002513742772862315,-0.09821778535842896,-0.040022313594818115
-0.003497307887300849,-0.097566157579422,-0.03933793306350708
-0.0037329376209527254,-0.09675807505846024,-0.03765386343002319
-0.004025912843644619,-0.09585298597812653,-0.03632241487503052
-0.004164821468293667,-0.09464312344789505,-0.03452879190444946
-0.00410965783521533,-0.09353799372911453,-0.033128321170806885
-0.00394391268491745,-0.09198115020990372,-0.03126227855682373
-0.0037466599605977535,-0.09054285287857056,-0.03009021282196045
-0.0032511050812900066,-0.08852540701627731,-0.028693854808807373
-0.003015364520251751,-0.08673097938299179,-0.027968525886535645
-0.0021709215361624956,-0.08451323211193085,-0.026966571807861328
-0.0014935997314751148,-0.08291583508253098,-0.02652817964553833
-0.00042309038690291345,-0.08078865706920624,-0.02588021755218506
0.0003594710724428296,-0.07856852561235428,-0.025707781314849854
0.0012838385300710797,-0.07538003474473953,-0.025721192359924316
0.0023700534366071224,-0.07258719205856323,-0.025507867336273193
0.003659946611151099,-0.06941922008991241,-0.025136351585388184
0.004887141287326813,-0.06634124368429184,-0.024559199810028076
0.006275606341660023,-0.0631040632724762,-0.023491084575653076
0.007161003537476063,-0.05946151539683342,-0.022760748863220215
0.008788551203906536,-0.05575167387723923,-0.0209847092628479
0.010108198039233685,-0.05210793390870094,-0.01946169137954712
0.011277559213340282,-0.04881153255701065,-0.018097877502441406
0.01263757236301899,-0.04446880519390106,-0.016577184200286865
0.01363421231508255,-0.04261297360062599,-0.015591204166412354
0.015264108777046204,-0.037824857980012894,-0.014237821102142334
0.016542738303542137,-0.03468475490808487,-0.013419270515441895
0.01792987622320652,-0.029928358271718025,-0.013010978698730469
0.019335182383656502,-0.025837145745754242,-0.013070523738861084
0.02095554769039154,-0.021159840747714043,-0.0132790207862854
0.022306421771645546,-0.016877034679055214,-0.014014363288879395
0.02415909804403782,-0.012276964262127876,-0.014542162418365479
0.025898635387420654,-0.008189799264073372,-0.015286862850189209
0.02767644077539444,-0.0035122788976877928,-0.015668928623199463
0.029390983283519745,0.0008013361366465688,-0.01600778102874756
0.031040459871292114,0.00439976854249835,-0.015604674816131592
0.033125948160886765,0.009229898452758789,-0.014963090419769287
0.03475700318813324,0.012885788455605507,-0.014034092426300049
0.036851003766059875,0.017521902918815613,-0.012383341789245605
0.03840096667408943,0.02156657911837101,-0.010997533798217773
0.04077355936169624,0.025331338867545128,-0.008269786834716797
0.042276158928871155,0.028171375393867493,-0.006602585315704346
0.044545236974954605,0.03169560804963112,-0.004202902317047119
0.046052463352680206,0.03467458486557007,-0.0027277469635009766
0.048214275389909744,0.03794092312455177,-0.0009347200393676758
0.05035595968365669,0.04099225997924805,0.0007585585117340088
0.05255572125315666,0.04424673691391945,0.0019084811210632324
0.054669324308633804,0.04699881002306938,0.0025519132614135742
0.05679618567228317,0.04999613016843796,0.002639263868331909
0.05876988545060158,0.05246267840266228,0.00233536958694458
0.06085141375660896,0.05501626804471016,0.001551210880279541
0.06264808028936386,0.05728931725025177,0.00040534138679504395
0.06459325551986694,0.05945751443505287,-0.0009720921516418457
0.0664142370223999,0.06122443079948425,-0.001990377902984619
0.06794361770153046,0.06256865710020065,-0.0026873350143432617
0.06990189850330353,0.06427034735679626,-0.003305375576019287
0.07073750346899033,0.0648609921336174,-0.003278791904449463
0.0724041610956192,0.06619292497634888,-0.003187119960784912
0.07383809238672256,0.06696906685829163,-0.002369225025177002
0.07510929554700851,0.06774578243494034,-0.0014703869819641113
0.07626105099916458,0.06840119510889053,-0.0001779794692993164
0.07755932956933975,0.06871791929006577,0.0015766322612762451
0.078472800552845,0.0688985288143158,0.00311356782913208
0.07944519072771072,0.06878423690795898,0.004677534103393555
0.08000735193490982,0.06860703229904175,0.005695432424545288
0.08083527535200119,0.06822258979082108,0.00673598051071167
0.08162397891283035,0.06767521053552628,0.007483392953872681
0.08208411931991577,0.06712599098682404,0.007606387138366699
0.08268211036920547,0.06628896296024323,0.007391095161437988
0.08302000910043716,0.06537650525569916,0.006339669227600098
0.08315807580947876,0.06433930993080139,0.0049949586391448975
0.08389176428318024,0.06382366269826889,0.004392176866531372
0.0833733081817627,0.06247137114405632,0.0023110806941986084
0.08355335891246796,0.061574313789606094,0.001058429479598999
0.0835089385509491,0.06039043515920639,-0.0004698634147644043
0.08373686671257019,0.05895216390490532,-0.0016408562660217285
0.08357299119234085,0.05712062120437622,-0.0026918649673461914
0.08334030956029892,0.05562511086463928,-0.0032984018325805664
0.08301395177841187,0.05371478199958801,-0.0032958984375
0.08262206614017487,0.05206715315580368,-0.0022670626640319824
0.0819014236330986,0.049990151077508926,-0.001192927360534668
0.0811784490942955,0.04803593456745148,0.000424802303314209
0.08023916184902191,0.04578281193971634,0.002181529998779297
0.07934924215078354,0.04366522654891014,0.0037038326263427734
0.07833489775657654,0.04124772176146507,0.005332529544830322
0.07680478692054749,0.03882352635264397,0.006405055522918701
0.07579061388969421,0.036691807210445404,0.007236510515213013
0.07463822513818741,0.03425244614481926,0.007681906223297119
0.07374387979507446,0.0321490578353405,0.007661908864974976
0.07307678461074829,0.03010074608027935,0.007272064685821533
0.07252682745456696,0.028667986392974854,0.006680309772491455
0.07127465307712555,0.026276344433426857,0.00521424412727356
0.07024186849594116,0.02418603003025055,0.0037190914154052734
0.06892698258161545,0.021716974675655365,0.0014240145683288574
0.06760141253471375,0.019645359367132187,-0.000606238842010498
0.06614852696657181,0.017291832715272903,-0.00263369083404541
0.06524608284235,0.014975318685173988,-0.003711998462677002
0.06361324340105057,0.012610678561031818,-0.005019962787628174
0.06291338056325912,0.010283010080456734,-0.005143404006958008
0.06169954687356949,0.007859871722757816,-0.004819333553314209
0.06051793321967125,0.005840892903506756,-0.003865063190460205
0.058796148747205734,0.003663093550130725,-0.0028612613677978516
0.057356689125299454,0.0012321224203333259,-0.0004904270172119141
0.05621754378080368,-0.0005900926189497113,0.0017527341842651367
0.05526928976178169,-0.002004307694733143,0.003759413957595825
0.054166171699762344,-0.004057022742927074,0.006510257720947266
0.05273343622684479,-0.005997289903461933,0.009099781513214111
0.051988065242767334,-0.007135065738111734,0.010625213384628296
0.05144032463431358,-0.008473795838654041,0.011784344911575317
0.05020627751946449,-0.010204443708062172,0.013727009296417236
0.04923871532082558,-0.011469785124063492,0.014603346586227417
0.04796076938509941,-0.012889775447547436,0.015052765607833862
0.04698257893323898,-0.013884301297366619,0.014881640672683716
0.04573425278067589,-0.015101299621164799,-0.28586965799331665
0.044782936573028564,-0.015915410593152046,-0.2870182394981384
0.04369667172431946,-0.016752833500504494,-0.28875333070755005
0.04238038882613182,-0.01762263849377632,-0.29056864976882935
0.04151696339249611,-0.018213819712400436,-0.29189956188201904
0.04076606407761574,-0.018643785268068314,-0.2923045754432678
0.040410369634628296,-0.018907401710748672,-0.291376531124115
0.039383165538311005,-0.019060615450143814,-0.2892523407936096
0.03820393607020378,-0.01935160718858242,-0.28491145372390747
0.03735538199543953,-0.019341744482517242,-0.2795202136039734
0.03629487380385399,-0.019285235553979874,-0.27133435010910034
0.035804763436317444,-0.019157057628035545,-0.26478374004364014
0.034258801490068436,-0.01899467222392559,-0.2515842914581299
0.03311808034777641,-0.018771624192595482,-0.23967252671718597
0.031771693378686905,-0.01853501982986927,-0.226106658577919
0.03156169503927231,-0.018379775807261467,-0.2187696248292923
0.030509989708662033,-0.01820782944560051,-0.20860303938388824
0.02940819412469864,-0.01764099858701229,-0.194817915558815
0.02889767475426197,-0.01714852638542652,-0.184377059340477
0.028331449255347252,-0.0165090374648571,-0.1711275428533554
0.028078606352210045,-0.01566537469625473,-0.16164110600948334
0.02802995592355728,-0.014481069520115852,-0.150342658162117
0.028184743598103523,-0.013380564749240875,-0.142989382147789
0.02899576537311077,-0.01174149475991726,-0.13351736962795258
0.029893379658460617,-0.010078061372041702,-0.1273825317621231
0.03135775402188301,-0.007474042475223541,-0.1207084208726883
0.032501425594091415,-0.005144496448338032,-0.11647556722164154
0.03425825014710426,-0.0018683000234887004,-0.11196304857730865
0.03482823073863983,-0.0011760867200791836,-0.11121253669261932
0.03622986376285553,0.0015435116365551949,-0.10881127417087555
0.03823458403348923,0.006523047108203173,-0.10671325027942657
0.039881471544504166,0.010107195004820824,-0.10580264031887054
0.041203130036592484,0.0143271554261446,-0.10520406067371368
0.04314538091421127,0.018199319019913673,-0.10458196699619293
0.044958047568798065,0.021912818774580956,-0.10374073684215546
0.04705486819148064,0.026069078594446182,-0.1023167222738266
0.04897812753915787,0.02989800274372101,-0.10049207508563995
0.050783246755599976,0.03366457670927048,-0.09736283123493195
0.0527598112821579,0.037761587649583817,-0.09356318414211273
0.05470188334584236,0.04207621142268181,-0.08880127966403961
0.055649127811193466,0.0438527949154377,-0.08599470555782318
0.05706512928009033,0.04715849086642265,-0.08171595633029938
0.05896229296922684,0.05109275132417679,-0.0756506472826004
0.060222066938877106,0.053654611110687256,-0.07131253182888031
0.06213448569178581,0.05772017315030098,-0.06505171954631805
0.06364807486534119,0.06022258102893829,-0.061033353209495544
0.06510332971811295,0.06236812472343445,-0.05733655393123627
0.066316619515419,0.06433193385601044,-0.05441670119762421
0.0677945613861084,0.0665946751832962,-0.05120743811130524
0.06885501742362976,0.06862984597682953,-0.04913438856601715
0.07002878934144974,0.07062993198633194,-0.04730270802974701
0.07074184715747833,0.07231379300355911,-0.04675133526325226
0.07141250371932983,0.07376138120889664,-0.046668022871017456
0.07190306484699249,0.0750049501657486,-0.04729466140270233
0.07221649587154388,0.07546574622392654,-0.048105210065841675
0.07250182330608368,0.07625853270292282,-0.049541279673576355
0.0733737051486969,0.07641073316335678,-0.049812108278274536
0.07329580187797546,0.0766894593834877,-0.05054579675197601
0.07345431298017502,0.07649816572666168,-0.05042029917240143
0.07375042885541916,0.07608913630247116,-0.04928666353225708
0.0741441547870636,0.07570375502109528,-0.047567322850227356
0.07409682869911194,0.07462027668952942,-0.043984413146972656
0.07399400323629379,0.07374313473701477,-0.040761083364486694
0.07392292469739914,0.07228685170412064,-0.03582674264907837
0.07382869720458984,0.07082005590200424,-0.03188133239746094
0.07369743287563324,0.06868508458137512,-0.026616886258125305
0.07338869571685791,0.06678756326436996,-0.02332313358783722
0.07319174706935883,0.06406641751527786,-0.019126325845718384
0.07287214696407318,0.06168888881802559,-0.016471058130264282
0.0724480152130127,0.058704301714897156,-0.013968393206596375
0.07209482043981552,0.05697194114327431,-0.013005495071411133
0.07136721909046173,0.05418986454606056,-0.011873796582221985
0.07040882110595703,0.05051524564623833,-0.011199802160263062
0.07027175277471542,0.048757974058389664,-0.01095743477344513
0.06899524480104446,0.04497780278325081,-0.011646106839179993
0.06796523928642273,0.041921865195035934,-0.012729838490486145
0.06662020087242126,0.037476688623428345,-0.014240488409996033
0.06544940173625946,0.034006908535957336,-0.01593029499053955
0.06382056325674057,0.02939543128013611,-0.018546894192695618
0.06263889372348785,0.02581479214131832,-0.020334482192993164
0.06138371303677559,0.02110094018280506,-0.02176445722579956
0.060495659708976746,0.017250651493668556,-0.02233394980430603
0.05927330628037453,0.012897733598947525,-0.02276991307735443
0.058154359459877014,0.00870807096362114,-0.022544682025909424
0.05708267539739609,0.004201275762170553,-0.02116243541240692
0.05562875047326088,-0.00028899707831442356,-0.019374072551727295
0.054933786392211914,-0.0042002699337899685,-0.01691029965877533
0.05394883081316948,-0.008670300245285034,-0.014111191034317017
0.052594322711229324,-0.013262257911264896,-0.011294350028038025
0.05336609110236168,-0.015216819010674953,-0.008613601326942444
0.05244828760623932,-0.021244298666715622,-0.003828585147857666
0.051858291029930115,-0.026160953566432,0.0001248866319656372
0.05138133093714714,-0.03051554039120674,0.0033235251903533936
0.05176382511854172,-0.03324747085571289,0.0059446245431900024
0.0516129806637764,-0.03701706975698471,0.008486822247505188
0.05149998888373375,-0.04140527546405792,0.011394962668418884
0.0513422004878521,-0.045431941747665405,0.013486936688423157
0.05096835643053055,-0.049695923924446106,0.015365540981292725
0.0509268119931221,-0.05367060378193855,0.01713670790195465
0.0508917011320591,-0.05687936022877693,0.018362626433372498
0.05084635317325592,-0.06123441085219383,0.0195113867521286
0.05078878253698349,-0.06450692564249039,0.020200714468955994
0.05040624737739563,-0.0687255933880806,0.020527422428131104
0.05039525032043457,-0.07204336673021317,0.020850375294685364
0.050400521606206894,-0.07531934976577759,0.020915359258651733
0.05031030997633934,-0.07825754582881927,0.020658254623413086
0.05022069066762924,-0.08058726042509079,0.020086854696273804
0.05023457854986191,-0.08332577347755432,0.01967296004295349
0.04993409663438797,-0.0857057198882103,0.018701717257499695
0.04974807798862457,-0.08817984908819199,0.01770825684070587
0.049624208360910416,-0.0900358185172081,0.01705196499824524
0.04926518350839615,-0.09212333709001541,0.01586681604385376
0.04900570958852768,-0.09355855733156204,0.015084415674209595
0.04832273721694946,-0.09500298649072647,0.01395551860332489
0.04816428944468498,-0.095833919942379,0.013719096779823303
0.047509580850601196,-0.0969991385936737,0.013258755207061768
0.04665243998169899,-0.09774265438318253,0.012564361095428467
0.04629674181342125,-0.0980718806385994,0.012711301445960999
0.04592432454228401,-0.09806095063686371,0.013093501329421997
0.04538058117032051,-0.09808608144521713,0.013251394033432007
0.04439587891101837,-0.09786209464073181,0.013276532292366028
0.0437290295958519,-0.09749987721443176,0.013517633080482483
0.04274333640933037,-0.09667785465717316,0.01352834701538086
0.04168667644262314,-0.09580481797456741,0.01340271532535553
0.04039108008146286,-0.09469328820705414,0.012820571660995483
0.0390300415456295,-0.0928642600774765,0.012195363640785217
0.03816835582256317,-0.09142455458641052,0.011705189943313599
0.03676078841090202,-0.08914853632450104,0.010689988732337952
0.03546382859349251,-0.08711536973714828,0.009184852242469788
0.03391190990805626,-0.08436426520347595,0.007965251803398132
0.0325089730322361,-0.08176626265048981,0.006394729018211365
0.030871428549289703,-0.07855303585529327,0.00495108962059021
0.029266567900776863,-0.07522197812795639,0.0036977827548980713
0.027496611699461937,-0.07167137414216995,0.0024973154067993164
0.026424458250403404,-0.06923957169055939,0.0021387189626693726
0.0251226257532835,-0.06634442508220673,0.0018743276596069336
0.022513372823596,-0.06101231649518013,0.0014120042324066162
0.020725000649690628,-0.05715325102210045,0.0014909803867340088
0.019159670919179916,-0.0528462789952755,0.0023196637630462646
0.01788758859038353,-0.04949089139699936,0.002859935164451599
0.016891367733478546,-0.045949921011924744,0.003695577383041382
0.01561893243342638,-0.041652925312519073,0.004462674260139465
0.014190485700964928,-0.037271298468112946,0.004290342330932617
0.013021123595535755,-0.03186789155006409,0.0051089078187942505
0.011784832924604416,-0.02719060517847538,0.004797831177711487
0.010788478888571262,-0.021601803600788116,0.004251837730407715
0.010138871148228645,-0.01713254675269127,0.003229200839996338
0.009439836256206036,-0.01093625370413065,0.0015242546796798706
0.009080491028726101,-0.006174706853926182,-0.000178605318069458
0.009032751433551311,4.522479139268398e-05,-0.0024204254150390625
0.009098261594772339,0.005084680393338203,-0.0047381967306137085
0.009606722742319107,0.011244342662394047,-0.006721585988998413
0.01008326094597578,0.016142353415489197,-0.008074775338172913
0.011141237802803516,0.022519884631037712,-0.009624749422073364
0.012003405019640923,0.027115294709801674,-0.00994814932346344
0.012982040643692017,0.030504871159791946,-0.009709253907203674
0.014596310444176197,0.03806377202272415,-0.009187474846839905
0.015627719461917877,0.04168348386883736,-0.008495822548866272
0.017330767586827278,0.04676399379968643,-0.007099241018295288
0.019480520859360695,0.05183514952659607,-0.0051729679107666016
0.021307412534952164,0.05677317455410957,-0.0037621408700942993
0.023704050108790398,0.06181549280881882,-0.0020747482776641846
0.026167623698711395,0.06634291261434555,-0.0006783753633499146
0.02838883176445961,0.07002948969602585,0.00019118189811706543
0.03149355947971344,0.07494281232357025,0.0007264912128448486
0.03333039954304695,0.07686202973127365,0.001219421625137329
0.03616074472665787,0.08056744933128357,0.0010413527488708496
0.03896457329392433,0.08400758355855942,0.0005929172039031982
0.04213237017393112,0.08758101612329483,-0.0005249530076980591
0.04508424177765846,0.090395987033844,-0.0017629116773605347
0.04774083197116852,0.09279324114322662,-0.0027085989713668823
0.05123082175850868,0.095680370926857,-0.004205286502838135
0.05397658422589302,0.09769164770841599,-0.005219012498855591
0.05736086517572403,0.10003893822431564,-0.006368517875671387
0.060022249817848206,0.10158278048038483,-0.006663069128990173
0.06348992884159088,0.10311108827590942,-0.006478294730186462
0.0660659521818161,0.10418746620416641,-0.005975976586341858
0.06881963461637497,0.10514847934246063,-0.005191624164581299
0.0714210793375969,0.10588342696428299,-0.0037642717361450195
0.0741899311542511,0.10610052943229675,-0.001899614930152893
0.07661997526884079,0.10602060705423355,-1.8298625946044922e-05
0.07927432656288147,0.10557510703802109,0.0020730197429656982
0.08124945312738419,0.1048051193356514,0.003878757357597351
0.08288578689098358,0.10388586670160294,0.005351081490516663
0.08505705744028091,0.10239624977111816,0.007160171866416931
0.08656992763280869,0.10098320990800858,0.008240684866905212
0.08833763748407364,0.09858115017414093,0.00930999219417572
0.08997330069541931,0.09595170617103577,0.009880602359771729
0.09083107858896255,0.09341289103031158,0.009750574827194214
0.09154321253299713,0.09238474816083908,0.009816646575927734
0.09214584529399872,0.08711901307106018,0.008320197463035583
0.09238925576210022,0.08652130514383316,0.008005917072296143
0.09245399385690689,0.08139052987098694,0.006101131439208984
0.09246835857629776,0.07786093652248383,0.0045481473207473755
0.09312140941619873,0.07558884471654892,0.004272565245628357
0.09302091598510742,0.07140089571475983,0.0030046850442886353
0.09265891462564468,0.06668911874294281,0.001793980598449707
0.09220016002655029,0.0621083527803421,0.0008995234966278076
0.09158435463905334,0.05685596168041229,0.000518307089805603
